{"visionDetectionTime":1.5,"selectableObjectsDataList":[{"startPosistion":{"x":-3.270327091217041,"y":2.5557117462158205,"z":7.948569297790527},"endPosistion":{"x":0.9598361253738403,"y":1.8494508266448975,"z":8.84999942779541},"scale":{"x":0.5,"y":0.5,"z":0.5},"moveTime":11.5,"startDelay":0.5,"hasMovement":true,"loopMovement":true,"objectType":"righthalf"},{"startPosistion":{"x":1.093914270401001,"y":1.1782724857330323,"z":8.737927436828614},"endPosistion":{"x":-8.881784197001253e-16,"y":1.7000000476837159,"z":8.91249942779541},"scale":{"x":0.25,"y":0.25,"z":0.25},"moveTime":1.0,"startDelay":0.0,"hasMovement":false,"loopMovement":false,"objectType":"fullsphere"},{"startPosistion":{"x":-2.3363842964172365,"y":0.9500948786735535,"z":8.819628715515137},"endPosistion":{"x":-0.12944842875003816,"y":1.3926576375961304,"z":8.84999942779541},"scale":{"x":0.49514058232307436,"y":0.49514058232307436,"z":0.49514058232307436},"moveTime":1.0,"startDelay":0.0,"hasMovement":true,"loopMovement":false,"objectType":"fullsphere"}]}