{"visionDetectionTime":0.5,"selectableObjectsDataList":[{"startPosistion":{"x":-2.1677637100219728,"y":2.2464303970336916,"z":8.548301696777344},"endPosistion":{"x":2.1118485927581789,"y":2.9694550037384035,"z":8.628323554992676},"time":3.0,"hasMovement":true,"loopMovement":false,"objectType":"fullsphere"},{"startPosistion":{"x":-1.763878583908081,"y":1.6544692516326905,"z":8.623252868652344},"endPosistion":{"x":-3.270498752593994,"y":2.4634039402008058,"z":7.958552360534668},"time":1.0,"hasMovement":true,"loopMovement":false,"objectType":"fullsphere"}]}