{"selectableObjectsDataList":[{"startPosistion":{"x":7.305646896362305,"y":3.4017865657806398,"z":-0.8931252956390381},"endPosistion":{"x":7.849999904632568,"y":1.7000000476837159,"z":0.0},"time":1.0,"hasMovement":false}]}