{"selectableObjectsDataList":[{"startPosistion":{"x":2.958986759185791,"y":2.9739556312561037,"z":8.17074966430664},"endPosistion":{"x":-1.7763568394002506e-15,"y":1.7000000476837159,"z":8.84999942779541},"time":1.0,"hasMovement":false},{"startPosistion":{"x":-2.741393804550171,"y":0.6090743541717529,"z":8.403759956359864},"endPosistion":{"x":-1.7763568394002506e-15,"y":1.7000000476837159,"z":8.84999942779541},"time":1.0,"hasMovement":true},{"startPosistion":{"x":2.0548312664031984,"y":0.11558830738067627,"z":8.560932159423829},"endPosistion":{"x":-1.7763568394002506e-15,"y":1.7000000476837159,"z":8.84999942779541},"time":1.0,"hasMovement":false}]}