{"visionDetectionTime":1.5,"selectableObjectsDataList":[{"startPosistion":{"x":2.370694398880005,"y":0.19294118881225587,"z":8.489214897155762},"endPosistion":{"x":-1.730673909187317,"y":2.3927905559539797,"z":8.656645774841309},"scale":{"x":0.25,"y":0.25,"z":0.25},"moveTime":1.0,"startDelay":0.0,"hasMovement":true,"loopMovement":false,"objectType":"righthalf"},{"startPosistion":{"x":-2.8350512981414797,"y":1.1236236095428467,"z":8.526010513305664},"endPosistion":{"x":-1.7763568394002506e-15,"y":1.7000000476837159,"z":8.86326789855957},"scale":{"x":0.5,"y":0.5,"z":0.5},"moveTime":1.0,"startDelay":0.0,"hasMovement":false,"loopMovement":false,"objectType":"fullsphere"},{"startPosistion":{"x":1.5277678966522217,"y":2.520399332046509,"z":8.599883079528809},"endPosistion":{"x":-1.3943699598312379,"y":0.050923824310302737,"z":8.804922103881836},"scale":{"x":0.10000000149011612,"y":0.10000000149011612,"z":0.10000000149011612},"moveTime":1.0,"startDelay":0.0,"hasMovement":true,"loopMovement":false,"objectType":"fullsphere"}]}