{"visionDetectionTime":1.5,"selectableObjectsDataList":[{"startPosistion":{"x":2.4703049659729006,"y":-0.8150959014892578,"z":8.805193901062012},"endPosistion":{"x":-0.9376612901687622,"y":1.2273589372634888,"z":5.816069602966309},"scale":{"x":0.25,"y":0.25,"z":0.25},"moveTime":5.0,"startDelay":0.0,"hasMovement":true,"loopMovement":false,"objectType":"righthalf"},{"startPosistion":{"x":-2.9398598670959474,"y":4.2655510902404789,"z":4.925261497497559},"endPosistion":{"x":-1.7470110654830933,"y":3.4377408027648927,"z":6.83591890335083},"scale":{"x":0.25,"y":0.25,"z":0.25},"moveTime":1.0,"startDelay":0.0,"hasMovement":true,"loopMovement":false,"objectType":"fullsphere"},{"startPosistion":{"x":-0.2611131966114044,"y":-0.9400591850280762,"z":7.567169189453125},"endPosistion":{"x":-1.6762689352035523,"y":0.5797789096832275,"z":7.040666580200195},"scale":{"x":0.4397628605365753,"y":0.4397628605365753,"z":0.4397628605365753},"moveTime":1.0,"startDelay":0.0,"hasMovement":true,"loopMovement":true,"objectType":"fullsphere"},{"startPosistion":{"x":-0.020379768684506418,"y":1.7194901704788209,"z":8.911924362182618},"endPosistion":{"x":2.8549509048461916,"y":3.2209017276763918,"z":7.774212837219238},"scale":{"x":0.25,"y":0.25,"z":0.25},"moveTime":2.0,"startDelay":0.0,"hasMovement":true,"loopMovement":false,"objectType":"fullsphere"}]}