{"selectableObjectsDataList":[{"startPosistion":{"x":-1.9459493160247803,"y":0.420900821685791,"z":8.589293479919434},"endPosistion":{"x":-8.881784197001253e-16,"y":1.7000000476837159,"z":8.91249942779541},"time":1.0,"hasMovement":false,"loopMovement":false,"objectType":"fullsphere"},{"startPosistion":{"x":1.3560463190078736,"y":2.7212746143341066,"z":8.782064437866211},"endPosistion":{"x":-8.881784197001253e-16,"y":1.7000000476837159,"z":8.91249942779541},"time":1.0,"hasMovement":false,"loopMovement":false,"objectType":"righthalf"},{"startPosistion":{"x":-1.8840956687927247,"y":2.68967342376709,"z":8.533288955688477},"endPosistion":{"x":3.0628597736358644,"y":0.5140821933746338,"z":8.3421049118042},"time":3.0,"hasMovement":true,"loopMovement":true,"objectType":"righthalf"}]}