{"selectableObjectsDataList":[{"startPosistion":{"x":7.3729376792907719,"y":2.2223191261291506,"z":-2.7664060592651369},"endPosistion":{"x":7.849999904632568,"y":1.7000000476837159,"z":0.0},"time":1.0,"hasMovement":false},{"startPosistion":{"x":7.486917972564697,"y":2.499331474304199,"z":1.9870884418487549},"endPosistion":{"x":7.849999904632568,"y":1.7000000476837159,"z":0.0},"time":1.0,"hasMovement":false},{"startPosistion":{"x":7.783311367034912,"y":0.25435495376586916,"z":0.09994317591190338},"endPosistion":{"x":7.849999904632568,"y":1.7000000476837159,"z":0.0},"time":2.0,"hasMovement":true}]}