{"visionDetectionTime":1.5,"selectableObjectsDataList":[{"startPosistion":{"x":-2.151172161102295,"y":2.195600748062134,"z":8.60035514831543},"endPosistion":{"x":-1.7763568394002506e-15,"y":1.7000000476837159,"z":8.84999942779541},"scale":{"x":0.4954678416252136,"y":0.4954678416252136,"z":0.4954678416252136},"time":1.0,"hasMovement":false,"loopMovement":false,"objectType":"fullsphere"},{"startPosistion":{"x":0.706480860710144,"y":1.9305248260498047,"z":8.813873291015625},"endPosistion":{"x":-1.7763568394002506e-15,"y":1.7000000476837159,"z":8.89148235321045},"scale":{"x":0.10136126726865769,"y":0.10136126726865769,"z":0.10136126726865769},"time":1.0,"hasMovement":false,"loopMovement":false,"objectType":"fullsphere"}]}