{"selectableObjectsDataList":[{"startPosistion":{"x":7.36231803894043,"y":2.779937744140625,"z":2.208916664123535},"endPosistion":{"x":7.8484578132629398,"y":0.9729608297348023,"z":-2.232496500015259},"time":1.0,"hasMovement":true}]}