{"selectableObjectsDataList":[{"startPosistion":{"x":7.796030521392822,"y":2.0197534561157228,"z":-1.0003483295440674},"endPosistion":{"x":7.610851287841797,"y":0.4117588996887207,"z":2.539736032485962},"time":1.0,"hasMovement":true},{"startPosistion":{"x":7.712109088897705,"y":2.5809166431427,"z":0.2310096025466919},"endPosistion":{"x":7.849999904632568,"y":1.7000000476837159,"z":0.0},"time":1.0,"hasMovement":false},{"startPosistion":{"x":7.554904937744141,"y":2.2705910205841066,"z":1.7788469791412354},"endPosistion":{"x":7.849999904632568,"y":1.7000000476837159,"z":0.0},"time":1.0,"hasMovement":false}]}