{"selectableObjectsDataList":[{"startPosistion":{"x":2.0699169635772707,"y":2.884181499481201,"z":8.610215187072754},"endPosistion":{"x":-8.881784197001253e-16,"y":1.7000000476837159,"z":8.91249942779541},"time":1.0,"hasMovement":false,"loopMovement":false,"objectType":"righthalf"},{"startPosistion":{"x":-2.105370044708252,"y":2.975489377975464,"z":8.385156631469727},"endPosistion":{"x":-8.881784197001253e-16,"y":1.7000000476837159,"z":8.91249942779541},"time":1.0,"hasMovement":false,"loopMovement":false,"objectType":"fullsphere"},{"startPosistion":{"x":-1.9567396640777588,"y":0.2790638208389282,"z":8.554924011230469},"endPosistion":{"x":-0.1727181375026703,"y":1.6517698764801026,"z":8.866878509521485},"time":3.0,"hasMovement":true,"loopMovement":true,"objectType":"fullsphere"}]}