{"selectableObjectsDataList":[{"startPosistion":{"x":1.6211307048797608,"y":0.3095569610595703,"z":8.69228744506836},"endPosistion":{"x":-1.7763568394002506e-15,"y":1.7000000476837159,"z":8.84999942779541},"time":1.0,"hasMovement":true},{"startPosistion":{"x":-1.5911754369735718,"y":0.5167030096054077,"z":8.686992645263672},"endPosistion":{"x":-1.7763568394002506e-15,"y":1.7000000476837159,"z":8.84999942779541},"time":1.0,"hasMovement":true}]}