{"selectableObjectsDataList":[{"startPosistion":{"x":7.3729376792907719,"y":2.2223191261291506,"z":-2.7664060592651369},"endPosistion":{"x":7.849999904632568,"y":1.7000000476837159,"z":0.0},"time":1.0,"hasMovement":false},{"startPosistion":{"x":7.2759318351745609,"y":0.5226303339004517,"z":-2.985337972640991},"endPosistion":{"x":7.849999904632568,"y":1.7000000476837159,"z":0.0},"time":1.0,"hasMovement":false},{"startPosistion":{"x":7.212905406951904,"y":0.341428279876709,"z":2.9091382026672365},"endPosistion":{"x":7.849999904632568,"y":1.7000000476837159,"z":0.0},"time":2.0,"hasMovement":true}]}