{"selectableObjectsDataList":[{"startPosistion":{"x":2.9238717555999758,"y":3.2811596393585207,"z":-1.8381617069244385},"endPosistion":{"x":3.0,"y":1.0,"z":0.0},"time":1.0,"hasMovement":false},{"startPosistion":{"x":3.0128469467163088,"y":3.1246676445007326,"z":-0.19420143961906434},"endPosistion":{"x":3.0,"y":1.0,"z":0.0},"time":1.0,"hasMovement":false},{"startPosistion":{"x":2.226274013519287,"y":1.8850815296173096,"z":1.403869867324829},"endPosistion":{"x":3.66532826423645,"y":1.6970280408859254,"z":-0.018279314041137697},"time":4.0,"hasMovement":true},{"startPosistion":{"x":1.8601590394973755,"y":1.9164576530456544,"z":-3.1846067905426027},"endPosistion":{"x":3.561758279800415,"y":1.8389835357666016,"z":-2.1455695629119875},"time":2.0,"hasMovement":true}]}